SEASON_ID,TEAM_ID,TEAM_ABBREVIATION,TEAM_NAME,GAME_ID,GAME_DATE,MATCHUP,WL,MIN,PTS,FGM,FGA,FG_PCT,FG3M,FG3A,FG3_PCT,FTM,FTA,FT_PCT,OREB,DREB,REB,AST,STL,BLK,TOV,PF,PLUS_MINUS
22019,1610612745,HOU,Houston Rockets,0021901315,2020-08-14,HOU vs. PHI,L,240,96,35,80,0.438,12,48,0.25,14,16,0.875,1,26,27,25,10,9,17,18,-38.0
22019,1610612745,HOU,Houston Rockets,0021901304,2020-08-12,HOU vs. IND,L,239,104,32,86,0.372,16,57,0.281,24,28,0.857,6,43,49,20,8,6,20,20,-4.0
22019,1610612745,HOU,Houston Rockets,0021901298,2020-08-11,HOU @ SAS,L,240,105,36,89,0.404,14,48,0.292,19,21,0.905,4,33,37,18,14,3,18,19,-18.0
22019,1610612745,HOU,Houston Rockets,0021901290,2020-08-09,HOU @ SAC,W,240,129,43,91,0.473,18,57,0.316,25,30,0.833,8,40,48,21,9,3,15,18,17.0
22019,1610612745,HOU,Houston Rockets,0021901273,2020-08-06,HOU vs. LAL,W,238,113,36,84,0.429,21,57,0.368,20,23,0.87,4,30,34,26,11,5,19,28,16.0
22019,1610612745,HOU,Houston Rockets,0021901261,2020-08-04,HOU @ POR,L,241,102,34,87,0.391,19,53,0.358,15,24,0.625,5,34,39,24,7,3,10,26,-8.0
22019,1610612745,HOU,Houston Rockets,0021901248,2020-08-02,HOU vs. MIL,W,239,120,36,91,0.396,21,61,0.344,27,31,0.871,6,30,36,22,15,3,9,24,4.0
22019,1610612745,HOU,Houston Rockets,0021901238,2020-07-31,HOU @ DAL,W,267,153,52,101,0.515,19,48,0.396,30,39,0.769,7,36,43,26,12,10,9,31,4.0
22019,1610612745,HOU,Houston Rockets,0021900963,2020-03-10,HOU vs. MIN,W,241,117,41,80,0.513,15,38,0.395,20,26,0.769,5,28,33,24,9,5,16,20,6.0
22019,1610612745,HOU,Houston Rockets,0021900953,2020-03-08,HOU vs. ORL,L,241,106,39,88,0.443,9,32,0.281,19,25,0.76,11,27,38,21,10,7,18,23,-20.0
22019,1610612745,HOU,Houston Rockets,0021900940,2020-03-07,HOU @ CHA,L,239,99,35,76,0.461,15,45,0.333,14,20,0.7,13,29,42,22,9,3,20,25,-9.0
22019,1610612745,HOU,Houston Rockets,0021900927,2020-03-05,HOU vs. LAC,L,240,105,35,97,0.361,7,42,0.167,28,36,0.778,15,36,51,19,6,5,10,25,-15.0
22019,1610612745,HOU,Houston Rockets,0021900903,2020-03-02,HOU @ NYK,L,240,123,39,94,0.415,20,56,0.357,25,27,0.926,8,26,34,25,11,5,12,20,-2.0
22019,1610612745,HOU,Houston Rockets,0021900892,2020-02-29,HOU @ BOS,W,265,111,41,98,0.418,15,55,0.273,14,18,0.778,12,41,53,17,10,8,16,20,1.0
22019,1610612745,HOU,Houston Rockets,0021900870,2020-02-26,HOU vs. MEM,W,240,140,52,93,0.559,23,50,0.46,13,15,0.867,9,35,44,22,8,7,18,25,28.0
22019,1610612745,HOU,Houston Rockets,0021900853,2020-02-24,HOU vs. NYK,W,239,123,43,86,0.5,16,48,0.333,21,31,0.677,5,33,38,20,11,7,13,22,11.0
22019,1610612745,HOU,Houston Rockets,0021900841,2020-02-22,HOU @ UTA,W,240,120,45,92,0.489,20,48,0.417,10,14,0.714,6,36,42,20,9,5,10,25,10.0
22019,1610612745,HOU,Houston Rockets,0021900825,2020-02-20,HOU @ GSW,W,239,135,45,85,0.529,25,49,0.51,20,22,0.909,8,28,36,31,14,7,15,15,30.0
22019,1610612745,HOU,Houston Rockets,0021900806,2020-02-11,HOU vs. BOS,W,241,116,33,77,0.429,13,45,0.289,37,42,0.881,5,40,45,17,9,6,14,21,11.0
22019,1610612745,HOU,Houston Rockets,0021900790,2020-02-09,HOU vs. UTA,L,240,113,44,95,0.463,15,42,0.357,10,14,0.714,7,29,36,20,10,5,6,19,-1.0
22019,1610612745,HOU,Houston Rockets,0021900774,2020-02-07,HOU @ PHX,L,241,91,29,85,0.341,11,48,0.229,22,26,0.846,8,21,29,16,8,5,15,21,-36.0
22019,1610612745,HOU,Houston Rockets,0021900768,2020-02-06,HOU @ LAL,W,239,121,43,85,0.506,19,42,0.452,16,18,0.889,6,31,37,20,8,4,16,22,10.0
22019,1610612745,HOU,Houston Rockets,0021900752,2020-02-04,HOU vs. CHA,W,240,125,43,97,0.443,20,60,0.333,19,23,0.826,7,34,41,25,11,5,4,19,15.0
22019,1610612745,HOU,Houston Rockets,0021900738,2020-02-02,HOU vs. NOP,W,241,117,41,105,0.39,16,51,0.314,19,22,0.864,11,32,43,22,14,3,7,18,8.0
22019,1610612745,HOU,Houston Rockets,0021900722,2020-01-31,HOU vs. DAL,W,239,128,45,98,0.459,21,45,0.467,17,20,0.85,7,30,37,25,11,5,6,20,7.0
22019,1610612745,HOU,Houston Rockets,0021900712,2020-01-29,HOU @ POR,L,240,112,40,94,0.426,17,47,0.362,15,18,0.833,9,30,39,21,8,5,15,23,-13.0
22019,1610612745,HOU,Houston Rockets,0021900698,2020-01-27,HOU @ UTA,W,240,126,38,81,0.469,15,40,0.375,35,49,0.714,6,34,40,14,11,4,15,25,9.0
22019,1610612745,HOU,Houston Rockets,0021900685,2020-01-26,HOU @ DEN,L,239,110,40,88,0.455,11,33,0.333,19,27,0.704,15,29,44,19,6,7,16,21,-7.0
22019,1610612745,HOU,Houston Rockets,0021900675,2020-01-24,HOU @ MIN,W,241,131,47,91,0.516,11,32,0.344,26,31,0.839,5,30,35,24,11,9,11,18,7.0
22019,1610612745,HOU,Houston Rockets,0021900662,2020-01-22,HOU vs. DEN,W,240,121,42,89,0.472,13,29,0.448,24,28,0.857,18,35,53,26,10,7,17,16,16.0
22019,1610612745,HOU,Houston Rockets,0021900645,2020-01-20,HOU vs. OKC,L,240,107,43,97,0.443,9,45,0.2,12,17,0.706,9,34,43,21,6,7,11,23,-5.0
22019,1610612745,HOU,Houston Rockets,0021900633,2020-01-18,HOU vs. LAL,L,241,115,40,90,0.444,12,37,0.324,23,29,0.793,11,35,46,20,8,4,20,26,-9.0
22019,1610612745,HOU,Houston Rockets,0021900611,2020-01-15,HOU vs. POR,L,240,107,38,96,0.396,16,49,0.327,15,23,0.652,12,38,50,24,4,4,12,22,-10.0
22019,1610612745,HOU,Houston Rockets,0021900600,2020-01-14,HOU @ MEM,L,239,110,37,86,0.43,14,45,0.311,22,24,0.917,9,32,41,18,4,2,15,23,-11.0
22019,1610612745,HOU,Houston Rockets,0021900577,2020-01-11,HOU vs. MIN,W,241,139,49,95,0.516,18,45,0.4,23,29,0.793,12,46,58,29,9,6,18,24,30.0
22019,1610612745,HOU,Houston Rockets,0021900566,2020-01-09,HOU @ OKC,L,241,92,34,89,0.382,11,40,0.275,13,14,0.929,8,31,39,16,4,3,14,21,-21.0
22019,1610612745,HOU,Houston Rockets,0021900558,2020-01-08,HOU @ ATL,W,240,122,39,92,0.424,13,45,0.289,31,41,0.756,16,43,59,22,7,7,13,21,7.0
22019,1610612745,HOU,Houston Rockets,0021900520,2020-01-03,HOU vs. PHI,W,240,118,41,86,0.477,12,32,0.375,24,32,0.75,8,38,46,22,6,3,11,24,10.0
22019,1610612745,HOU,Houston Rockets,0021900501,2019-12-31,HOU vs. DEN,W,241,130,46,87,0.529,16,34,0.471,22,31,0.71,13,30,43,20,6,7,15,17,26.0
22019,1610612745,HOU,Houston Rockets,0021900488,2019-12-29,HOU @ NOP,L,239,112,42,81,0.519,15,39,0.385,13,20,0.65,8,33,41,29,5,3,17,16,-15.0
22019,1610612745,HOU,Houston Rockets,0021900478,2019-12-28,HOU vs. BKN,W,240,108,44,101,0.436,13,42,0.31,7,16,0.438,16,38,54,16,7,6,14,15,10.0
22019,1610612745,HOU,Houston Rockets,0021900457,2019-12-25,HOU @ GSW,L,240,104,37,100,0.37,16,51,0.314,14,16,0.875,14,35,49,19,8,3,12,25,-12.0
22019,1610612745,HOU,Houston Rockets,0021900453,2019-12-23,HOU @ SAC,W,241,113,39,87,0.448,15,39,0.385,20,23,0.87,6,33,39,18,10,3,11,22,9.0
22019,1610612745,HOU,Houston Rockets,0021900437,2019-12-21,HOU @ PHX,W,240,139,51,87,0.586,19,41,0.463,18,23,0.783,5,32,37,23,4,5,10,23,14.0
22019,1610612745,HOU,Houston Rockets,0021900419,2019-12-19,HOU @ LAC,W,241,122,43,86,0.5,14,37,0.378,22,29,0.759,10,33,43,23,9,4,18,20,5.0
22019,1610612745,HOU,Houston Rockets,0021900396,2019-12-16,HOU vs. SAS,W,238,109,40,98,0.408,11,43,0.256,18,27,0.667,14,44,58,20,9,6,12,19,2.0
22019,1610612745,HOU,Houston Rockets,0021900386,2019-12-14,HOU vs. DET,L,239,107,41,102,0.402,13,45,0.289,12,18,0.667,11,35,46,18,9,8,11,19,-8.0
22019,1610612745,HOU,Houston Rockets,0021900371,2019-12-13,HOU @ ORL,W,241,130,48,86,0.558,22,39,0.564,12,13,0.923,7,35,42,21,5,7,9,20,23.0
22019,1610612745,HOU,Houston Rockets,0021900356,2019-12-11,HOU @ CLE,W,241,116,43,87,0.494,17,42,0.405,13,13,1.0,11,25,36,18,10,6,13,14,6.0
22019,1610612745,HOU,Houston Rockets,0021900346,2019-12-09,HOU vs. SAC,L,241,118,41,84,0.488,17,50,0.34,19,23,0.826,11,40,51,25,4,6,19,20,-1.0
22019,1610612745,HOU,Houston Rockets,0021900333,2019-12-07,HOU vs. PHX,W,239,115,41,91,0.451,11,40,0.275,22,30,0.733,10,41,51,21,10,7,15,28,6.0
22019,1610612745,HOU,Houston Rockets,0021900318,2019-12-05,HOU @ TOR,W,240,119,40,98,0.408,22,55,0.4,17,19,0.895,20,34,54,29,11,2,22,24,10.0
22019,1610612745,HOU,Houston Rockets,0021900303,2019-12-03,HOU @ SAS,L,290,133,42,111,0.378,15,51,0.294,34,36,0.944,18,42,60,22,11,7,17,30,-2.0
22019,1610612745,HOU,Houston Rockets,0021900282,2019-11-30,HOU vs. ATL,W,241,158,52,89,0.584,25,51,0.49,29,34,0.853,13,39,52,30,9,2,15,23,47.0
22019,1610612745,HOU,Houston Rockets,0021900259,2019-11-27,HOU vs. MIA,W,239,117,38,83,0.458,15,44,0.341,26,33,0.788,9,34,43,19,11,2,15,22,9.0
22019,1610612745,HOU,Houston Rockets,0021900235,2019-11-24,HOU vs. DAL,L,240,123,45,98,0.459,10,44,0.227,23,31,0.742,15,39,54,26,5,2,11,26,-14.0
22019,1610612745,HOU,Houston Rockets,0021900224,2019-11-22,HOU @ LAC,L,240,119,39,84,0.464,15,43,0.349,26,38,0.684,11,32,43,22,11,2,15,27,-3.0
22019,1610612745,HOU,Houston Rockets,0021900211,2019-11-20,HOU @ DEN,L,240,95,32,76,0.421,12,38,0.316,19,25,0.76,9,34,43,19,9,2,20,22,-10.0
22019,1610612745,HOU,Houston Rockets,0021900193,2019-11-18,HOU vs. POR,W,238,132,47,100,0.47,17,45,0.378,21,26,0.808,17,41,58,24,9,10,16,21,24.0
22019,1610612745,HOU,Houston Rockets,0021900179,2019-11-16,HOU @ MIN,W,240,125,43,94,0.457,19,49,0.388,20,22,0.909,14,28,42,15,7,3,12,18,20.0
22019,1610612745,HOU,Houston Rockets,0021900169,2019-11-15,HOU vs. IND,W,240,111,36,89,0.404,14,46,0.304,25,29,0.862,10,34,44,12,11,3,8,23,9.0
22019,1610612745,HOU,Houston Rockets,0021900157,2019-11-13,HOU vs. LAC,W,241,102,33,86,0.384,14,42,0.333,22,27,0.815,9,44,53,12,7,6,10,17,9.0
22019,1610612745,HOU,Houston Rockets,0021900142,2019-11-11,HOU @ NOP,W,240,122,44,85,0.518,12,41,0.293,22,32,0.688,7,40,47,16,9,6,17,22,6.0
22019,1610612745,HOU,Houston Rockets,0021900129,2019-11-09,HOU @ CHI,W,239,117,39,83,0.47,19,44,0.432,20,28,0.714,9,46,55,18,12,7,22,21,23.0
22019,1610612745,HOU,Houston Rockets,0021900107,2019-11-06,HOU vs. GSW,W,240,129,48,97,0.495,21,45,0.467,12,19,0.632,11,39,50,31,7,9,12,20,17.0
22019,1610612745,HOU,Houston Rockets,0021900093,2019-11-04,HOU @ MEM,W,239,107,35,93,0.376,17,50,0.34,20,29,0.69,14,37,51,20,6,5,18,21,7.0
22019,1610612745,HOU,Houston Rockets,0021900086,2019-11-03,HOU @ MIA,L,239,100,31,79,0.392,14,48,0.292,24,31,0.774,4,34,38,19,6,5,22,24,-29.0
22019,1610612745,HOU,Houston Rockets,0021900069,2019-11-01,HOU @ BKN,L,241,116,41,99,0.414,12,48,0.25,22,27,0.815,9,31,40,21,13,4,12,21,-7.0
22019,1610612745,HOU,Houston Rockets,0021900061,2019-10-30,HOU @ WAS,W,241,159,55,103,0.534,23,54,0.426,26,33,0.788,19,25,44,34,10,5,13,24,1.0
22019,1610612745,HOU,Houston Rockets,0021900045,2019-10-28,HOU vs. OKC,W,240,116,39,90,0.433,10,44,0.227,28,33,0.848,9,31,40,21,6,6,14,24,4.0
22019,1610612745,HOU,Houston Rockets,0021900032,2019-10-26,HOU vs. NOP,W,240,126,43,94,0.457,13,45,0.289,27,30,0.9,9,36,45,27,7,4,19,22,3.0
22019,1610612745,HOU,Houston Rockets,0021900015,2019-10-24,HOU vs. MIL,L,240,111,33,90,0.367,16,48,0.333,29,39,0.744,10,47,57,25,6,6,14,25,-6.0
22019,1610612759,SAS,San Antonio Spurs,0021901314,2020-08-13,SAS @ UTA,L,239,112,39,79,0.494,10,20,0.5,24,36,0.667,9,35,44,24,4,8,15,20,-6.0
22019,1610612759,SAS,San Antonio Spurs,0021901298,2020-08-11,SAS vs. HOU,W,240,123,46,93,0.495,13,32,0.406,18,20,0.9,9,50,59,28,10,5,22,20,18.0
22019,1610612759,SAS,San Antonio Spurs,0021901287,2020-08-09,SAS @ NOP,W,241,122,40,89,0.449,11,28,0.393,31,32,0.969,15,36,51,22,12,6,17,27,9.0
22019,1610612759,SAS,San Antonio Spurs,0021901274,2020-08-07,SAS vs. UTA,W,240,119,45,89,0.506,9,22,0.409,20,26,0.769,8,39,47,27,10,5,13,18,8.0
22019,1610612759,SAS,San Antonio Spurs,0021901264,2020-08-05,SAS vs. DEN,L,239,126,46,93,0.495,11,30,0.367,23,27,0.852,10,25,35,29,10,5,7,20,-6.0
22019,1610612759,SAS,San Antonio Spurs,0021901254,2020-08-03,SAS @ PHI,L,240,130,46,93,0.495,12,26,0.462,26,29,0.897,13,31,44,21,7,6,14,23,-2.0
22019,1610612759,SAS,San Antonio Spurs,0021901246,2020-08-02,SAS @ MEM,W,241,108,36,86,0.419,12,29,0.414,24,33,0.727,12,37,49,22,5,6,16,20,2.0
22019,1610612759,SAS,San Antonio Spurs,0021901237,2020-07-31,SAS vs. SAC,W,240,129,48,90,0.533,11,25,0.44,22,27,0.815,9,33,42,32,6,4,15,17,9.0
22019,1610612759,SAS,San Antonio Spurs,0021900965,2020-03-10,SAS vs. DAL,W,239,119,46,89,0.517,15,32,0.469,12,15,0.8,6,34,40,32,11,10,11,15,10.0
22019,1610612759,SAS,San Antonio Spurs,0021900954,2020-03-08,SAS @ CLE,L,265,129,43,98,0.439,10,26,0.385,33,36,0.917,6,38,44,20,15,6,9,34,-3.0
22019,1610612759,SAS,San Antonio Spurs,0021900931,2020-03-06,SAS @ BKN,L,239,120,43,92,0.467,10,34,0.294,24,27,0.889,2,36,38,25,3,5,6,20,-19.0
22019,1610612759,SAS,San Antonio Spurs,0021900909,2020-03-03,SAS @ CHA,W,240,104,38,80,0.475,11,32,0.344,17,20,0.85,6,27,33,25,12,5,10,16,1.0
22019,1610612759,SAS,San Antonio Spurs,0021900908,2020-03-02,SAS vs. IND,L,240,111,40,77,0.519,16,32,0.5,15,19,0.789,3,30,33,21,6,5,14,19,-5.0
22019,1610612759,SAS,San Antonio Spurs,0021900893,2020-02-29,SAS vs. ORL,W,240,114,44,84,0.524,14,31,0.452,12,16,0.75,4,27,31,28,11,5,17,20,1.0
22019,1610612759,SAS,San Antonio Spurs,0021900869,2020-02-26,SAS vs. DAL,L,239,103,39,92,0.424,11,33,0.333,14,19,0.737,13,42,55,22,8,7,15,21,-6.0
22019,1610612759,SAS,San Antonio Spurs,0021900846,2020-02-23,SAS @ OKC,L,239,103,38,103,0.369,11,38,0.289,16,19,0.842,14,29,43,27,5,1,9,23,-28.0
22019,1610612759,SAS,San Antonio Spurs,0021900832,2020-02-21,SAS @ UTA,W,239,113,40,91,0.44,10,20,0.5,23,26,0.885,7,41,48,22,12,7,6,20,9.0
22019,1610612759,SAS,San Antonio Spurs,0021900805,2020-02-11,SAS @ OKC,W,241,114,41,84,0.488,7,25,0.28,25,27,0.926,7,39,46,20,9,7,11,19,8.0
22019,1610612759,SAS,San Antonio Spurs,0021900799,2020-02-10,SAS @ DEN,L,243,120,41,85,0.482,16,32,0.5,22,25,0.88,9,27,36,33,7,1,10,17,-7.0
22019,1610612759,SAS,San Antonio Spurs,0021900785,2020-02-08,SAS @ SAC,L,242,102,41,81,0.506,7,24,0.292,13,18,0.722,8,33,41,23,7,4,14,22,-20.0
22019,1610612759,SAS,San Antonio Spurs,0021900767,2020-02-06,SAS @ POR,L,240,117,41,92,0.446,10,28,0.357,25,28,0.893,8,31,39,25,9,3,4,10,-8.0
22019,1610612759,SAS,San Antonio Spurs,0021900754,2020-02-04,SAS @ LAL,L,239,102,40,91,0.44,13,27,0.481,9,15,0.6,7,21,28,21,6,2,6,16,-27.0
22019,1610612759,SAS,San Antonio Spurs,0021900750,2020-02-03,SAS @ LAC,L,240,105,40,95,0.421,12,37,0.324,13,16,0.813,6,40,46,21,5,9,6,20,-3.0
22019,1610612759,SAS,San Antonio Spurs,0021900734,2020-02-01,SAS vs. CHA,W,240,114,45,87,0.517,10,28,0.357,14,21,0.667,7,37,44,27,13,2,10,14,24.0
22019,1610612759,SAS,San Antonio Spurs,0021900711,2020-01-29,SAS vs. UTA,W,239,127,46,82,0.561,8,31,0.258,27,30,0.9,4,31,35,23,5,2,9,27,7.0
22019,1610612759,SAS,San Antonio Spurs,0021900695,2020-01-27,SAS @ CHI,L,240,109,38,82,0.463,10,25,0.4,23,34,0.676,12,35,47,21,2,6,11,12,-1.0
22019,1610612759,SAS,San Antonio Spurs,0021900686,2020-01-26,SAS vs. TOR,L,240,106,34,82,0.415,16,37,0.432,22,24,0.917,7,41,48,27,5,8,16,15,-4.0
22019,1610612759,SAS,San Antonio Spurs,0021900678,2020-01-24,SAS vs. PHX,L,239,99,33,78,0.423,5,25,0.2,28,33,0.848,10,33,43,19,9,8,14,22,-4.0
22019,1610612759,SAS,San Antonio Spurs,0021900663,2020-01-22,SAS @ NOP,W,238,121,45,89,0.506,11,27,0.407,20,25,0.8,9,35,44,17,7,4,11,23,4.0
22019,1610612759,SAS,San Antonio Spurs,0021900650,2020-01-20,SAS @ PHX,W,241,120,43,87,0.494,17,31,0.548,17,22,0.773,6,25,31,30,12,7,8,23,2.0
22019,1610612759,SAS,San Antonio Spurs,0021900637,2020-01-19,SAS vs. MIA,W,241,107,36,85,0.424,12,33,0.364,23,24,0.958,9,34,43,27,5,4,11,18,5.0
22019,1610612759,SAS,San Antonio Spurs,0021900624,2020-01-17,SAS vs. ATL,L,241,120,45,98,0.459,8,29,0.276,22,23,0.957,14,34,48,28,12,6,15,27,-1.0
22019,1610612759,SAS,San Antonio Spurs,0021900606,2020-01-15,SAS @ MIA,L,241,100,39,89,0.438,10,33,0.303,12,15,0.8,6,35,41,22,8,4,8,17,-6.0
22019,1610612759,SAS,San Antonio Spurs,0021900587,2020-01-12,SAS @ TOR,W,242,105,38,87,0.437,7,32,0.219,22,30,0.733,9,42,51,24,6,5,11,11,1.0
22019,1610612759,SAS,San Antonio Spurs,0021900571,2020-01-10,SAS @ MEM,L,241,121,42,87,0.483,17,40,0.425,20,23,0.87,5,32,37,29,3,6,11,17,-13.0
22019,1610612759,SAS,San Antonio Spurs,0021900554,2020-01-08,SAS @ BOS,W,239,129,48,87,0.552,9,29,0.31,24,26,0.923,8,41,49,28,9,6,14,25,15.0
22019,1610612759,SAS,San Antonio Spurs,0021900546,2020-01-06,SAS vs. MIL,W,242,126,45,88,0.511,19,35,0.543,17,19,0.895,10,44,54,23,4,2,11,16,22.0
22019,1610612759,SAS,San Antonio Spurs,0021900531,2020-01-04,SAS @ MIL,L,241,118,38,92,0.413,11,32,0.344,31,34,0.912,11,39,50,20,7,0,8,20,-9.0
22019,1610612759,SAS,San Antonio Spurs,0021900514,2020-01-02,SAS vs. OKC,L,239,103,40,92,0.435,13,31,0.419,10,12,0.833,14,31,45,22,1,8,8,22,-6.0
22019,1610612759,SAS,San Antonio Spurs,0021900502,2019-12-31,SAS vs. GSW,W,264,117,45,96,0.469,14,31,0.452,13,17,0.765,10,43,53,30,6,6,10,18,4.0
22019,1610612759,SAS,San Antonio Spurs,0021900481,2019-12-28,SAS vs. DET,W,240,136,53,93,0.57,18,35,0.514,12,15,0.8,7,44,51,30,8,7,11,20,27.0
22019,1610612759,SAS,San Antonio Spurs,0021900463,2019-12-26,SAS @ DAL,L,241,98,40,83,0.482,8,29,0.276,10,15,0.667,5,40,45,18,9,7,13,16,-4.0
22019,1610612759,SAS,San Antonio Spurs,0021900450,2019-12-23,SAS @ MEM,W,242,145,60,89,0.674,15,24,0.625,10,14,0.714,4,42,46,36,9,4,12,14,30.0
22019,1610612759,SAS,San Antonio Spurs,0021900436,2019-12-21,SAS vs. LAC,L,241,109,42,82,0.512,10,28,0.357,15,19,0.789,4,32,36,24,5,8,18,20,-25.0
22019,1610612759,SAS,San Antonio Spurs,0021900418,2019-12-19,SAS vs. BKN,W,242,118,43,96,0.448,13,33,0.394,19,23,0.826,13,34,47,26,10,8,11,19,13.0
22019,1610612759,SAS,San Antonio Spurs,0021900396,2019-12-16,SAS @ HOU,L,241,107,39,91,0.429,12,33,0.364,17,20,0.85,8,45,53,23,5,4,18,22,-2.0
22019,1610612759,SAS,San Antonio Spurs,0021900380,2019-12-14,SAS @ PHX,W,266,121,44,106,0.415,8,30,0.267,25,34,0.735,10,52,62,23,6,9,11,22,2.0
22019,1610612759,SAS,San Antonio Spurs,0021900368,2019-12-12,SAS vs. CLE,L,265,109,42,86,0.488,5,16,0.313,20,25,0.8,2,34,36,19,11,7,12,21,-8.0
22019,1610612759,SAS,San Antonio Spurs,0021900328,2019-12-06,SAS vs. SAC,W,265,105,41,96,0.427,11,32,0.344,12,17,0.706,13,39,52,25,10,5,16,16,1.0
22019,1610612759,SAS,San Antonio Spurs,0021900303,2019-12-03,SAS vs. HOU,W,291,135,50,106,0.472,13,30,0.433,22,32,0.688,12,44,56,35,10,8,20,27,2.0
22019,1610612759,SAS,San Antonio Spurs,0021900288,2019-12-01,SAS @ DET,L,240,98,36,88,0.409,7,26,0.269,19,22,0.864,7,24,31,20,11,6,8,15,-34.0
22019,1610612759,SAS,San Antonio Spurs,0021900276,2019-11-29,SAS vs. LAC,W,240,107,40,93,0.43,14,36,0.389,13,14,0.929,8,40,48,28,8,8,9,15,10.0
22019,1610612759,SAS,San Antonio Spurs,0021900262,2019-11-27,SAS vs. MIN,L,239,101,41,97,0.423,5,29,0.172,14,17,0.824,8,38,46,25,4,8,6,18,-12.0
22019,1610612759,SAS,San Antonio Spurs,0021900249,2019-11-25,SAS vs. LAL,L,239,104,41,88,0.466,10,25,0.4,12,15,0.8,9,32,41,23,4,5,13,22,-10.0
22019,1610612759,SAS,San Antonio Spurs,0021900229,2019-11-23,SAS @ NYK,W,239,111,40,75,0.533,12,23,0.522,19,28,0.679,9,38,47,26,7,3,22,17,7.0
22019,1610612759,SAS,San Antonio Spurs,0021900218,2019-11-22,SAS @ PHI,L,238,104,43,85,0.506,6,18,0.333,12,16,0.75,3,29,32,21,6,3,11,15,-11.0
22019,1610612759,SAS,San Antonio Spurs,0021900203,2019-11-20,SAS @ WAS,L,239,132,49,93,0.527,12,32,0.375,22,29,0.759,12,29,41,32,8,8,12,13,-6.0
22019,1610612759,SAS,San Antonio Spurs,0021900194,2019-11-18,SAS @ DAL,L,240,110,44,96,0.458,8,24,0.333,14,16,0.875,17,31,48,18,6,2,9,18,-7.0
22019,1610612759,SAS,San Antonio Spurs,0021900181,2019-11-16,SAS vs. POR,L,241,116,41,88,0.466,5,18,0.278,29,34,0.853,7,36,43,25,8,7,10,17,-5.0
22019,1610612759,SAS,San Antonio Spurs,0021900168,2019-11-15,SAS @ ORL,L,240,109,45,89,0.506,13,26,0.5,6,10,0.6,8,33,41,23,8,8,11,25,-2.0
22019,1610612759,SAS,San Antonio Spurs,0021900158,2019-11-13,SAS @ MIN,L,240,114,44,90,0.489,3,17,0.176,23,29,0.793,10,34,44,24,4,4,11,23,-15.0
22019,1610612759,SAS,San Antonio Spurs,0021900143,2019-11-11,SAS vs. MEM,L,240,109,42,90,0.467,12,30,0.4,13,17,0.765,7,35,42,29,4,4,13,17,-4.0
22019,1610612759,SAS,San Antonio Spurs,0021900127,2019-11-09,SAS vs. BOS,L,240,115,39,99,0.394,14,30,0.467,23,30,0.767,21,36,57,24,1,8,15,22,-20.0
22019,1610612759,SAS,San Antonio Spurs,0021900113,2019-11-07,SAS vs. OKC,W,241,121,51,94,0.543,9,20,0.45,10,11,0.909,12,35,47,32,5,3,13,21,9.0
22019,1610612759,SAS,San Antonio Spurs,0021900099,2019-11-05,SAS @ ATL,L,239,100,38,91,0.418,8,33,0.242,16,23,0.696,11,30,41,18,9,8,15,17,-8.0
22019,1610612759,SAS,San Antonio Spurs,0021900088,2019-11-03,SAS vs. LAL,L,239,96,33,83,0.398,6,25,0.24,24,29,0.828,8,39,47,23,11,4,17,18,-7.0
22019,1610612759,SAS,San Antonio Spurs,0021900076,2019-11-01,SAS @ GSW,W,240,127,44,93,0.473,13,35,0.371,26,30,0.867,16,36,52,23,4,2,11,19,17.0
22019,1610612759,SAS,San Antonio Spurs,0021900068,2019-10-31,SAS @ LAC,L,240,97,36,80,0.45,7,21,0.333,18,27,0.667,9,40,49,15,6,5,19,28,-6.0
22019,1610612759,SAS,San Antonio Spurs,0021900048,2019-10-28,SAS vs. POR,W,240,113,41,85,0.482,7,22,0.318,24,32,0.75,7,43,50,25,5,9,18,19,3.0
22019,1610612759,SAS,San Antonio Spurs,0021900033,2019-10-26,SAS vs. WAS,W,240,124,50,108,0.463,10,28,0.357,14,17,0.824,21,32,53,29,6,7,9,19,2.0
22019,1610612759,SAS,San Antonio Spurs,0021900010,2019-10-23,SAS vs. NYK,W,240,120,42,83,0.506,7,21,0.333,29,36,0.806,10,41,51,22,6,5,21,18,9.0
22019,1610612760,OKC,Oklahoma City Thunder,0021901317,2020-08-14,OKC @ LAC,L,264,103,38,106,0.358,14,44,0.318,13,22,0.591,11,37,48,18,5,6,16,29,-4.0
22019,1610612760,OKC,Oklahoma City Thunder,0021901306,2020-08-12,OKC vs. MIA,W,242,116,39,89,0.438,16,42,0.381,22,27,0.815,14,36,50,20,7,4,16,19,1.0
22019,1610612760,OKC,Oklahoma City Thunder,0021901292,2020-08-10,OKC @ PHX,L,241,101,35,90,0.389,13,39,0.333,18,21,0.857,8,32,40,24,10,2,19,23,-27.0
22019,1610612760,OKC,Oklahoma City Thunder,0021901285,2020-08-09,OKC vs. WAS,W,240,121,43,84,0.512,18,39,0.462,17,22,0.773,8,35,43,25,7,3,12,18,18.0
22019,1610612760,OKC,Oklahoma City Thunder,0021901275,2020-08-07,OKC @ MEM,L,240,92,34,97,0.351,13,43,0.302,11,15,0.733,12,24,36,19,12,2,10,20,-29.0
22019,1610612760,OKC,Oklahoma City Thunder,0021901265,2020-08-05,OKC @ LAL,W,242,105,34,79,0.43,5,24,0.208,32,36,0.889,4,48,52,17,9,2,13,23,19.0
22019,1610612760,OKC,Oklahoma City Thunder,0021901251,2020-08-03,OKC vs. DEN,L,264,113,37,87,0.425,15,36,0.417,24,31,0.774,8,34,42,20,4,5,15,32,-8.0
22019,1610612760,OKC,Oklahoma City Thunder,0021901240,2020-08-01,OKC vs. UTA,W,240,110,41,77,0.532,10,26,0.385,18,24,0.75,11,36,47,19,9,8,21,21,16.0
22019,1610612760,OKC,Oklahoma City Thunder,0021900949,2020-03-08,OKC @ BOS,W,239,105,35,79,0.443,10,25,0.4,25,34,0.735,4,35,39,16,9,7,16,22,1.0
22019,1610612760,OKC,Oklahoma City Thunder,0021900932,2020-03-06,OKC @ NYK,W,241,126,47,96,0.49,12,31,0.387,20,25,0.8,10,28,38,26,8,6,4,18,23.0
22019,1610612760,OKC,Oklahoma City Thunder,0021900918,2020-03-04,OKC @ DET,W,240,114,46,75,0.613,10,24,0.417,12,17,0.706,2,31,33,25,13,8,14,18,7.0
22019,1610612760,OKC,Oklahoma City Thunder,0021900912,2020-03-03,OKC vs. LAC,L,240,94,34,81,0.42,9,28,0.321,17,26,0.654,8,35,43,16,7,7,13,22,-15.0
22019,1610612760,OKC,Oklahoma City Thunder,0021900882,2020-02-28,OKC @ MIL,L,240,86,33,91,0.363,6,35,0.171,14,20,0.7,5,31,36,14,8,3,14,15,-47.0
22019,1610612760,OKC,Oklahoma City Thunder,0021900875,2020-02-27,OKC vs. SAC,W,241,112,41,84,0.488,9,26,0.346,21,29,0.724,10,27,37,20,6,4,9,20,4.0
22019,1610612760,OKC,Oklahoma City Thunder,0021900859,2020-02-25,OKC @ CHI,W,239,124,42,76,0.553,14,30,0.467,26,35,0.743,7,30,37,25,8,7,11,17,2.0
22019,1610612760,OKC,Oklahoma City Thunder,0021900846,2020-02-23,OKC vs. SAS,W,240,131,50,87,0.575,10,22,0.455,21,24,0.875,6,48,54,28,7,7,12,17,28.0
22019,1610612760,OKC,Oklahoma City Thunder,0021900831,2020-02-21,OKC vs. DEN,W,240,113,40,87,0.46,9,26,0.346,24,27,0.889,14,30,44,19,12,3,12,19,12.0
22019,1610612760,OKC,Oklahoma City Thunder,0021900819,2020-02-13,OKC @ NOP,W,239,123,46,92,0.5,13,27,0.481,18,22,0.818,5,35,40,28,11,5,7,21,5.0
22019,1610612760,OKC,Oklahoma City Thunder,0021900805,2020-02-11,OKC vs. SAS,L,239,106,39,85,0.459,11,31,0.355,17,21,0.81,6,29,35,19,8,2,13,24,-8.0
22019,1610612760,OKC,Oklahoma City Thunder,0021900786,2020-02-09,OKC vs. BOS,L,240,111,39,86,0.453,11,27,0.407,22,29,0.759,12,32,44,14,3,3,10,21,-1.0
22019,1610612760,OKC,Oklahoma City Thunder,0021900773,2020-02-07,OKC vs. DET,W,240,108,39,76,0.513,5,23,0.217,25,30,0.833,9,33,42,21,4,6,11,23,7.0
22019,1610612760,OKC,Oklahoma City Thunder,0021900760,2020-02-05,OKC vs. CLE,W,239,109,38,81,0.469,9,26,0.346,24,30,0.8,5,35,40,21,9,6,12,15,6.0
22019,1610612760,OKC,Oklahoma City Thunder,0021900725,2020-01-31,OKC @ PHX,W,240,111,42,97,0.433,7,31,0.226,20,22,0.909,15,26,41,26,13,4,12,24,4.0
22019,1610612760,OKC,Oklahoma City Thunder,0021900713,2020-01-29,OKC @ SAC,W,241,120,44,88,0.5,15,34,0.441,17,20,0.85,10,35,45,32,9,5,13,17,20.0
22019,1610612760,OKC,Oklahoma City Thunder,0021900697,2020-01-27,OKC vs. DAL,L,242,97,34,86,0.395,12,30,0.4,17,19,0.895,6,42,48,23,2,4,8,11,-10.0
22019,1610612760,OKC,Oklahoma City Thunder,0021900683,2020-01-25,OKC @ MIN,W,239,113,39,80,0.488,11,24,0.458,24,25,0.96,3,40,43,20,8,9,11,14,9.0
22019,1610612760,OKC,Oklahoma City Thunder,0021900677,2020-01-24,OKC vs. ATL,W,239,140,50,86,0.581,14,25,0.56,26,34,0.765,6,39,45,28,6,5,14,20,29.0
22019,1610612760,OKC,Oklahoma City Thunder,0021900655,2020-01-22,OKC @ ORL,W,241,120,46,76,0.605,9,19,0.474,19,23,0.826,0,36,36,22,10,7,15,17,6.0
22019,1610612760,OKC,Oklahoma City Thunder,0021900645,2020-01-20,OKC @ HOU,W,240,112,40,92,0.435,12,32,0.375,20,26,0.769,7,40,47,14,8,6,12,18,5.0
22019,1610612760,OKC,Oklahoma City Thunder,0021900635,2020-01-18,OKC vs. POR,W,241,119,43,83,0.518,7,22,0.318,26,36,0.722,12,36,48,25,5,4,12,20,13.0
22019,1610612760,OKC,Oklahoma City Thunder,0021900623,2020-01-17,OKC vs. MIA,L,239,108,37,84,0.44,18,46,0.391,16,18,0.889,6,29,35,29,4,5,10,20,-7.0
22019,1610612760,OKC,Oklahoma City Thunder,0021900609,2020-01-15,OKC vs. TOR,L,242,121,43,85,0.506,16,42,0.381,19,20,0.95,4,27,31,32,14,3,18,17,-9.0
22019,1610612760,OKC,Oklahoma City Thunder,0021900594,2020-01-13,OKC @ MIN,W,239,117,41,82,0.5,12,30,0.4,23,26,0.885,7,44,51,25,4,6,15,16,13.0
22019,1610612760,OKC,Oklahoma City Thunder,0021900580,2020-01-11,OKC vs. LAL,L,241,110,43,92,0.467,9,31,0.29,15,17,0.882,5,32,37,23,6,6,7,13,-15.0
22019,1610612760,OKC,Oklahoma City Thunder,0021900566,2020-01-09,OKC vs. HOU,W,241,113,43,87,0.494,11,32,0.344,16,20,0.8,9,43,52,22,8,2,13,13,21.0
22019,1610612760,OKC,Oklahoma City Thunder,0021900550,2020-01-07,OKC @ BKN,W,266,111,38,92,0.413,11,37,0.297,24,29,0.828,8,43,51,19,11,3,15,15,8.0
22019,1610612760,OKC,Oklahoma City Thunder,0021900541,2020-01-06,OKC @ PHI,L,239,113,40,89,0.449,12,29,0.414,21,31,0.677,14,33,47,17,3,3,12,22,-7.0
22019,1610612760,OKC,Oklahoma City Thunder,0021900527,2020-01-04,OKC @ CLE,W,239,121,43,96,0.448,14,37,0.378,21,26,0.808,18,34,52,24,6,4,11,16,15.0
22019,1610612760,OKC,Oklahoma City Thunder,0021900514,2020-01-02,OKC @ SAS,W,240,109,43,89,0.483,9,25,0.36,14,20,0.7,8,35,43,19,7,6,4,14,6.0
22019,1610612760,OKC,Oklahoma City Thunder,0021900503,2019-12-31,OKC vs. DAL,W,240,106,39,91,0.429,6,27,0.222,22,28,0.786,18,38,56,18,7,5,11,21,5.0
22019,1610612760,OKC,Oklahoma City Thunder,0021900486,2019-12-29,OKC @ TOR,W,241,98,34,78,0.436,10,33,0.303,20,23,0.87,8,35,43,15,8,6,17,14,1.0
22019,1610612760,OKC,Oklahoma City Thunder,0021900467,2019-12-27,OKC @ CHA,W,265,104,40,89,0.449,5,31,0.161,19,31,0.613,10,39,49,19,8,4,14,23,2.0
22019,1610612760,OKC,Oklahoma City Thunder,0021900462,2019-12-26,OKC vs. MEM,L,240,97,38,92,0.413,10,35,0.286,11,13,0.846,7,27,34,23,11,4,9,14,-13.0
22019,1610612760,OKC,Oklahoma City Thunder,0021900442,2019-12-22,OKC vs. LAC,W,241,118,46,97,0.474,9,27,0.333,17,20,0.85,16,33,49,24,10,4,12,20,6.0
22019,1610612760,OKC,Oklahoma City Thunder,0021900426,2019-12-20,OKC vs. PHX,W,241,126,49,87,0.563,10,24,0.417,18,21,0.857,8,33,41,23,7,7,15,23,18.0
22019,1610612760,OKC,Oklahoma City Thunder,0021900412,2019-12-18,OKC vs. MEM,W,240,126,46,84,0.548,7,24,0.292,27,34,0.794,6,29,35,25,6,6,12,16,4.0
22019,1610612760,OKC,Oklahoma City Thunder,0021900399,2019-12-16,OKC vs. CHI,W,240,109,35,69,0.507,16,34,0.471,23,28,0.821,9,33,42,21,8,6,26,15,3.0
22019,1610612760,OKC,Oklahoma City Thunder,0021900387,2019-12-14,OKC @ DEN,L,240,102,38,81,0.469,6,23,0.261,20,23,0.87,7,30,37,22,7,3,15,23,-8.0
22019,1610612760,OKC,Oklahoma City Thunder,0021900365,2019-12-11,OKC @ SAC,L,240,93,34,79,0.43,13,33,0.394,12,18,0.667,7,36,43,24,8,8,15,16,-1.0
22019,1610612760,OKC,Oklahoma City Thunder,0021900350,2019-12-09,OKC @ UTA,W,239,104,40,85,0.471,8,28,0.286,16,19,0.842,2,44,46,21,9,7,10,20,14.0
22019,1610612760,OKC,Oklahoma City Thunder,0021900341,2019-12-08,OKC @ POR,W,239,108,35,85,0.412,11,32,0.344,27,34,0.794,13,41,54,12,7,2,10,22,12.0
22019,1610612760,OKC,Oklahoma City Thunder,0021900326,2019-12-06,OKC vs. MIN,W,265,139,49,88,0.557,5,18,0.278,36,40,0.9,9,30,39,19,8,9,10,20,12.0
22019,1610612760,OKC,Oklahoma City Thunder,0021900312,2019-12-04,OKC vs. IND,L,239,100,41,84,0.488,9,26,0.346,9,10,0.9,8,29,37,25,3,5,11,19,-7.0
22019,1610612760,OKC,Oklahoma City Thunder,0021900289,2019-12-01,OKC @ NOP,W,238,107,38,81,0.469,11,33,0.333,20,26,0.769,5,42,47,19,5,3,11,14,3.0
22019,1610612760,OKC,Oklahoma City Thunder,0021900275,2019-11-29,OKC vs. NOP,W,239,109,43,90,0.478,13,34,0.382,10,16,0.625,6,36,42,27,6,8,11,17,5.0
22019,1610612760,OKC,Oklahoma City Thunder,0021900265,2019-11-27,OKC @ POR,L,240,119,39,88,0.443,11,35,0.314,30,38,0.789,8,30,38,19,4,2,6,21,-17.0
22019,1610612760,OKC,Oklahoma City Thunder,0021900250,2019-11-25,OKC @ GSW,W,241,100,40,85,0.471,11,32,0.344,9,11,0.818,9,34,43,26,5,13,15,16,3.0
22019,1610612760,OKC,Oklahoma City Thunder,0021900220,2019-11-22,OKC vs. LAL,L,240,127,49,93,0.527,11,31,0.355,18,20,0.9,6,31,37,28,8,3,11,23,-3.0
22019,1610612760,OKC,Oklahoma City Thunder,0021900201,2019-11-19,OKC @ LAL,L,240,107,38,80,0.475,9,28,0.321,22,25,0.88,8,31,39,22,10,2,15,22,-5.0
22019,1610612760,OKC,Oklahoma City Thunder,0021900197,2019-11-18,OKC @ LAC,L,240,88,28,75,0.373,7,27,0.259,25,28,0.893,9,36,45,17,12,4,17,19,-2.0
22019,1610612760,OKC,Oklahoma City Thunder,0021900172,2019-11-15,OKC vs. PHI,W,264,127,41,76,0.539,10,24,0.417,35,41,0.854,6,30,36,22,7,3,13,23,8.0
22019,1610612760,OKC,Oklahoma City Thunder,0021900146,2019-11-12,OKC @ IND,L,240,85,29,82,0.354,6,25,0.24,21,24,0.875,9,31,40,19,9,4,15,16,-26.0
22019,1610612760,OKC,Oklahoma City Thunder,0021900135,2019-11-10,OKC vs. MIL,L,241,119,45,91,0.495,17,42,0.405,12,17,0.706,5,30,35,31,11,4,15,20,-2.0
22019,1610612760,OKC,Oklahoma City Thunder,0021900131,2019-11-09,OKC vs. GSW,W,240,114,43,79,0.544,14,30,0.467,14,17,0.824,7,35,42,30,7,5,18,17,6.0
22019,1610612760,OKC,Oklahoma City Thunder,0021900113,2019-11-07,OKC @ SAS,L,241,112,42,80,0.525,10,21,0.476,18,24,0.75,4,27,31,26,7,2,13,14,-9.0
22019,1610612760,OKC,Oklahoma City Thunder,0021900101,2019-11-05,OKC vs. ORL,W,240,102,37,86,0.43,12,33,0.364,16,20,0.8,7,31,38,21,9,5,9,23,8.0
22019,1610612760,OKC,Oklahoma City Thunder,0021900077,2019-11-02,OKC vs. NOP,W,241,115,41,90,0.456,15,37,0.405,18,23,0.783,8,36,44,20,8,11,12,20,11.0
22019,1610612760,OKC,Oklahoma City Thunder,0021900062,2019-10-30,OKC vs. POR,L,240,99,33,84,0.393,4,27,0.148,29,37,0.784,13,42,55,15,8,2,18,21,-3.0
22019,1610612760,OKC,Oklahoma City Thunder,0021900045,2019-10-28,OKC @ HOU,L,241,112,41,94,0.436,13,35,0.371,17,24,0.708,16,36,52,22,7,3,13,27,-4.0
22019,1610612760,OKC,Oklahoma City Thunder,0021900036,2019-10-27,OKC vs. GSW,W,240,120,44,78,0.564,15,32,0.469,17,22,0.773,8,42,50,24,8,5,23,26,28.0
22019,1610612760,OKC,Oklahoma City Thunder,0021900022,2019-10-25,OKC vs. WAS,L,240,85,33,83,0.398,5,23,0.217,14,22,0.636,7,42,49,14,7,6,18,18,-12.0
22019,1610612760,OKC,Oklahoma City Thunder,0021900011,2019-10-23,OKC @ UTA,L,241,95,32,83,0.386,10,27,0.37,21,31,0.677,7,41,48,15,5,4,13,23,-5.0
